<?xml version="1.0" encoding="utf-8"?>
<!--/13646505/176765/2.49/4/3/Bridge Rectifier/-->
<quadcept_library>
  <setting unit="mil" />
  <textstyle name="Default" height="47.244094488189" strokewidth="7.8740157480315" charwidth="47.244094488189" />
  <textstyle name="Dimension" height="19.6850393700787" strokewidth="0" charwidth="19.6850393700787" />
  <textstyle name="H127W0635TH00762" height="50" strokewidth="3" charwidth="25" />
  <textstyle name="H15W15TH02" height="59.0551181102362" strokewidth="7.8740157480315" charwidth="59.0551181102362" />
  <padstyle name="r185_85" surface="True" plated="False" isvia="False" nopaste="False" nomask="True" complex="False" holesize="0">
    <padshape layer="TOP" shape="rectangle" width="33.464566929133" height="72.83464566929" />
    <padshape layer="TOP_SOLDER_MASK" shape="rectangle" width="41.338582677165" height="80.708661417322" />
    <padshape layer="TOP_SOLDER_PASTE" shape="rectangle" width="33.464566929133" height="72.83464566929" />
  </padstyle>
  <footprint name="SOP250P700X290-4N" originx="0" originy="0" pickpointx="0" pickpointy="0">
    <pcbpin number="1" name="1" style="r185_85" originx="-119.09448818897" originy="49.212598425196" rotation="90" />
    <pcbpin number="2" name="2" style="r185_85" originx="-119.09448818897" originy="-49.212598425196" rotation="90" />
    <pcbpin number="3" name="3" style="r185_85" originx="119.09448818897" originy="-49.212598425196" rotation="90" />
    <pcbpin number="4" name="4" style="r185_85" originx="119.09448818897" originy="49.212598425196" rotation="90" />
    <line layer="TOP_PLACE_BOUND" originx="-165.35433070866" originy="107.28346456693" endx="165.35433070866" endy="107.28346456693" width="1.9685039370079" />
    <line layer="TOP_PLACE_BOUND" originx="165.35433070866" originy="107.28346456693" endx="165.35433070866" endy="-107.28346456693" width="1.9685039370079" />
    <line layer="TOP_PLACE_BOUND" originx="165.35433070866" originy="-107.28346456693" endx="-165.35433070866" endy="-107.28346456693" width="1.9685039370079" />
    <line layer="TOP_PLACE_BOUND" originx="-165.35433070866" originy="-107.28346456693" endx="-165.35433070866" endy="107.28346456693" width="1.9685039370079" />
    <line layer="TOP_ASSEMBLY" originx="-75.787401574802" originy="92.992125984251" endx="75.787401574802" endy="92.992125984251" width="3.9370078740157" />
    <line layer="TOP_ASSEMBLY" originx="75.787401574802" originy="92.992125984251" endx="75.787401574802" endy="-92.992125984251" width="3.9370078740157" />
    <line layer="TOP_ASSEMBLY" originx="75.787401574802" originy="-92.992125984251" endx="-75.787401574802" endy="-92.992125984251" width="3.9370078740157" />
    <line layer="TOP_ASSEMBLY" originx="-75.787401574802" originy="-92.992125984251" endx="-75.787401574802" endy="92.992125984251" width="3.9370078740157" />
    <line layer="TOP_ASSEMBLY" originx="-75.787401574802" originy="-5.4330708661417" endx="22.63779527559" endy="92.992125984251" width="3.9370078740157" />
    <line layer="TOP_SILKSCREEN" originx="-68.897637795275" originy="92.992125984251" endx="68.897637795275" endy="92.992125984251" width="7.8740157480314" />
    <line layer="TOP_SILKSCREEN" originx="68.897637795275" originy="92.992125984251" endx="68.897637795275" endy="-92.992125984251" width="7.8740157480314" />
    <line layer="TOP_SILKSCREEN" originx="68.897637795275" originy="-92.992125984251" endx="-68.897637795275" endy="-92.992125984251" width="7.8740157480314" />
    <line layer="TOP_SILKSCREEN" originx="-68.897637795275" originy="-92.992125984251" endx="-68.897637795275" endy="92.992125984251" width="7.8740157480314" />
    <line layer="TOP_SILKSCREEN" originx="-155.51181102362" originy="79.724409448818" endx="-82.67716535433" endy="79.724409448818" width="7.8740157480314" />
  </footprint>
  <symbol name="KMB28STR" originx="0" originy="0">
    <line originx="200" originy="100" endx="700" endy="100" width="0" />
    <line originx="700" originy="-200" endx="700" endy="100" width="0" />
    <line originx="700" originy="-200" endx="200" endy="-200" width="0" />
    <line originx="200" originy="100" endx="200" endy="-200" width="0" />
    <sympin number="1" originx="200" originy="0" rotation="180" length="100" width="7.8740157480315" flipped="False">
      <text name="pinname" originx="230" originy="0" style="Default" rotation="0" justify="left" flipped="False" hidden="False" data="+" />
      <text name="pindes" originx="140" originy="20" style="Default" rotation="0" justify="lowerright" flipped="False" hidden="False" data="1" />
    </sympin>
    <sympin number="2" originx="200" originy="-100" rotation="180" length="100" width="7.8740157480315" flipped="False">
      <text name="pinname" originx="230" originy="-100" style="Default" rotation="0" justify="left" flipped="False" hidden="False" data="-" />
      <text name="pindes" originx="140" originy="-80" style="Default" rotation="0" justify="lowerright" flipped="False" hidden="False" data="2" />
    </sympin>
    <sympin number="4" originx="700" originy="0" rotation="0" length="100" width="7.8740157480315" flipped="False">
      <text name="pinname" originx="670" originy="0" style="Default" rotation="0" justify="right" flipped="False" hidden="False" data="~_2" />
      <text name="pindes" originx="760" originy="20" style="Default" rotation="0" justify="lowerleft" flipped="False" hidden="False" data="4" />
    </sympin>
    <sympin number="3" originx="700" originy="-100" rotation="0" length="100" width="7.8740157480315" flipped="False">
      <text name="pinname" originx="670" originy="-100" style="Default" rotation="0" justify="right" flipped="False" hidden="False" data="~_1" />
      <text name="pindes" originx="760" originy="-80" style="Default" rotation="0" justify="lowerleft" flipped="False" hidden="False" data="3" />
    </sympin>
  </symbol>
  <component name="KMB28STR" designatorprefix="BR" height="114.17322834646" footprint="SOP250P700X290-4N">
    <comppin designator="1" sympin="1" pinswap="0" gateswap="0" gate="1" group="1" side="" type="Any" name="+" />
    <comppin designator="2" sympin="2" pinswap="0" gateswap="0" gate="1" group="1" side="" type="Any" name="-" />
    <comppin designator="3" sympin="3" pinswap="0" gateswap="0" gate="1" group="1" side="" type="Any" name="~_1" />
    <comppin designator="4" sympin="4" pinswap="0" gateswap="0" gate="1" group="1" side="" type="Any" name="~_2" />
    <attached_symbol gate="1" name="KMB28STR" />
    <pinmap designator="1" footprintpin="1" />
    <pinmap designator="2" footprintpin="2" />
    <pinmap designator="3" footprintpin="3" />
    <pinmap designator="4" footprintpin="4" />
    <text name="Datasheet" originx="0" originy="0" style="Default" rotation="0" justify="" flipped="False" hidden="True" data="http://www.smc-diodes.com/propdf/KMB22S THRU KMB225S N1952 REV.A.pdf" />
    <text name="Description" originx="0" originy="0" style="Default" rotation="0" justify="" flipped="False" hidden="True" data="BRIDGE RECT 1PHASE 80V 2A MBS" />
    <text name="Mouser Part Number" originx="0" originy="0" style="Default" rotation="0" justify="" flipped="False" hidden="True" data="" />
    <text name="Mouser Price/Stock" originx="0" originy="0" style="Default" rotation="0" justify="" flipped="False" hidden="True" data="" />
    <text name="Manufacturer_Name" originx="0" originy="0" style="Default" rotation="0" justify="" flipped="False" hidden="True" data="SMC Diode Solutions" />
    <text name="Manufacturer_Part_Number" originx="750" originy="200" style="Default" rotation="0" justify="left" flipped="False" hidden="False" data="KMB28STR" />
  </component>
</quadcept_library>
