<?xml version="1.0" encoding="utf-8"?>
<!--/16330813/176765/2.49/4/3/Integrated Circuit/-->
<quadcept_library>
  <setting unit="mil" />
  <textstyle name="Default" height="47.244094488189" strokewidth="7.8740157480315" charwidth="47.244094488189" />
  <textstyle name="Dimension" height="19.6850393700787" strokewidth="0" charwidth="19.6850393700787" />
  <textstyle name="H127W0635TH00762" height="50" strokewidth="3" charwidth="25" />
  <textstyle name="H15W15TH02" height="59.0551181102362" strokewidth="7.8740157480315" charwidth="59.0551181102362" />
  <padstyle name="r155_90" surface="True" plated="False" isvia="False" nopaste="False" nomask="True" complex="False" holesize="0">
    <padshape layer="TOP" shape="rectangle" width="35.433070866141" height="61.023622047243" />
    <padshape layer="TOP_SOLDER_MASK" shape="rectangle" width="43.307086614173" height="68.897637795275" />
    <padshape layer="TOP_SOLDER_PASTE" shape="rectangle" width="35.433070866141" height="61.023622047243" />
  </padstyle>
  <footprint name="SOP400P650X145-4N" originx="0" originy="0" pickpointx="0" pickpointy="0">
    <pcbpin number="1" name="1" style="r155_90" originx="-117.12598425197" originy="78.740157480314" rotation="90" />
    <pcbpin number="2" name="2" style="r155_90" originx="-117.12598425197" originy="-78.740157480314" rotation="90" />
    <pcbpin number="3" name="3" style="r155_90" originx="117.12598425197" originy="-78.740157480314" rotation="90" />
    <pcbpin number="4" name="4" style="r155_90" originx="117.12598425197" originy="78.740157480314" rotation="90" />
    <line layer="TOP_PLACE_BOUND" originx="-157.48031496063" originy="111.22047244094" endx="157.48031496063" endy="111.22047244094" width="1.9685039370079" />
    <line layer="TOP_PLACE_BOUND" originx="157.48031496063" originy="111.22047244094" endx="157.48031496063" endy="-111.22047244094" width="1.9685039370079" />
    <line layer="TOP_PLACE_BOUND" originx="157.48031496063" originy="-111.22047244094" endx="-157.48031496063" endy="-111.22047244094" width="1.9685039370079" />
    <line layer="TOP_PLACE_BOUND" originx="-157.48031496063" originy="-111.22047244094" endx="-157.48031496063" endy="111.22047244094" width="1.9685039370079" />
    <line layer="TOP_ASSEMBLY" originx="-86.614173228345" originy="98.425196850392" endx="86.614173228345" endy="98.425196850392" width="3.9370078740157" />
    <line layer="TOP_ASSEMBLY" originx="86.614173228345" originy="98.425196850392" endx="86.614173228345" endy="-98.425196850392" width="3.9370078740157" />
    <line layer="TOP_ASSEMBLY" originx="86.614173228345" originy="-98.425196850392" endx="-86.614173228345" endy="-98.425196850392" width="3.9370078740157" />
    <line layer="TOP_ASSEMBLY" originx="-86.614173228345" originy="-98.425196850392" endx="-86.614173228345" endy="98.425196850392" width="3.9370078740157" />
    <line layer="TOP_ASSEMBLY" originx="-86.614173228345" originy="-59.055118110235" endx="70.866141732283" endy="98.425196850392" width="3.9370078740157" />
    <line layer="TOP_SILKSCREEN" originx="-72.83464566929" originy="98.425196850392" endx="72.83464566929" endy="98.425196850392" width="7.8740157480314" />
    <line layer="TOP_SILKSCREEN" originx="72.83464566929" originy="98.425196850392" endx="72.83464566929" endy="-98.425196850392" width="7.8740157480314" />
    <line layer="TOP_SILKSCREEN" originx="72.83464566929" originy="-98.425196850392" endx="-72.83464566929" endy="-98.425196850392" width="7.8740157480314" />
    <line layer="TOP_SILKSCREEN" originx="-72.83464566929" originy="-98.425196850392" endx="-72.83464566929" endy="98.425196850392" width="7.8740157480314" />
    <line layer="TOP_SILKSCREEN" originx="-147.63779527559" originy="110.23622047244" endx="-86.614173228345" endy="110.23622047244" width="7.8740157480314" />
  </footprint>
  <symbol name="TS360ILS_R1_00001" originx="0" originy="0">
    <line originx="200" originy="100" endx="700" endy="100" width="0" />
    <line originx="700" originy="-200" endx="700" endy="100" width="0" />
    <line originx="700" originy="-200" endx="200" endy="-200" width="0" />
    <line originx="200" originy="100" endx="200" endy="-200" width="0" />
    <sympin number="1" originx="200" originy="0" rotation="180" length="100" width="7.8740157480315" flipped="False">
      <text name="pinname" originx="230" originy="0" style="Default" rotation="0" justify="left" flipped="False" hidden="False" data="+" />
      <text name="pindes" originx="140" originy="20" style="Default" rotation="0" justify="lowerright" flipped="False" hidden="False" data="1" />
    </sympin>
    <sympin number="2" originx="200" originy="-100" rotation="180" length="100" width="7.8740157480315" flipped="False">
      <text name="pinname" originx="230" originy="-100" style="Default" rotation="0" justify="left" flipped="False" hidden="False" data="-" />
      <text name="pindes" originx="140" originy="-80" style="Default" rotation="0" justify="lowerright" flipped="False" hidden="False" data="2" />
    </sympin>
    <sympin number="4" originx="700" originy="0" rotation="0" length="100" width="7.8740157480315" flipped="False">
      <text name="pinname" originx="670" originy="0" style="Default" rotation="0" justify="right" flipped="False" hidden="False" data="~_2" />
      <text name="pindes" originx="760" originy="20" style="Default" rotation="0" justify="lowerleft" flipped="False" hidden="False" data="4" />
    </sympin>
    <sympin number="3" originx="700" originy="-100" rotation="0" length="100" width="7.8740157480315" flipped="False">
      <text name="pinname" originx="670" originy="-100" style="Default" rotation="0" justify="right" flipped="False" hidden="False" data="~_1" />
      <text name="pindes" originx="760" originy="-80" style="Default" rotation="0" justify="lowerleft" flipped="False" hidden="False" data="3" />
    </sympin>
  </symbol>
  <component name="TS360ILS_R1_00001" designatorprefix="IC" height="57.086614173228" footprint="SOP400P650X145-4N">
    <comppin designator="1" sympin="1" pinswap="0" gateswap="0" gate="1" group="1" side="" type="Any" name="+" />
    <comppin designator="2" sympin="2" pinswap="0" gateswap="0" gate="1" group="1" side="" type="Any" name="-" />
    <comppin designator="3" sympin="3" pinswap="0" gateswap="0" gate="1" group="1" side="" type="Any" name="~_1" />
    <comppin designator="4" sympin="4" pinswap="0" gateswap="0" gate="1" group="1" side="" type="Any" name="~_2" />
    <attached_symbol gate="1" name="TS360ILS_R1_00001" />
    <pinmap designator="1" footprintpin="1" />
    <pinmap designator="2" footprintpin="2" />
    <pinmap designator="3" footprintpin="3" />
    <pinmap designator="4" footprintpin="4" />
    <text name="Datasheet" originx="0" originy="0" style="Default" rotation="0" justify="" flipped="False" hidden="True" data="https://www.mouser.co.id/datasheet/2/1057/TS360ILS-1877238.pdf" />
    <text name="Description" originx="0" originy="0" style="Default" rotation="0" justify="" flipped="False" hidden="True" data="Schottky Diodes &amp; Rectifiers MICRO SURFACE MOUNT SCHOTTKY BRIDGE 60V 3A TDI" />
    <text name="Mouser Part Number" originx="0" originy="0" style="Default" rotation="0" justify="" flipped="False" hidden="True" data="241-TS360ILSR100001" />
    <text name="Mouser Price/Stock" originx="0" originy="0" style="Default" rotation="0" justify="" flipped="False" hidden="True" data="https://www.mouser.co.uk/ProductDetail/Panjit/TS360ILS_R1_00001?qs=sPbYRqrBIVlciIw6xf5DwA%3D%3D" />
    <text name="Manufacturer_Name" originx="0" originy="0" style="Default" rotation="0" justify="" flipped="False" hidden="True" data="PANJIT" />
    <text name="Manufacturer_Part_Number" originx="750" originy="200" style="Default" rotation="0" justify="left" flipped="False" hidden="False" data="TS360ILS_R1_00001" />
  </component>
</quadcept_library>
